Transaction ID,Date,Time,Amount,Currency,Recipient,Balance
657627e9-da37-078c-ab32-bac5b1c51809,01/01/2025,01:24:12,-1550,GBP,Barclays Mortgage,1950
fa9c58f8-3800-fdda-64ba-50fc2fb8540e,01/01/2025,02:11:14,-180,GBP,Coventry City Council,1770
0c3feae8-1ea7-d2bf-1238-335d74b3be3e,01/01/2025,19:33:43,-12.27,GBP,Uber,1757.73
9a656706-819a-8cb1-de42-15ff5a282656,02/01/2025,00:39:31,-215,GBP,Nationwide Personal Loan,1542.73
dfac2cd6-1f27-ce73-dcb1-11a3d8e273c4,02/01/2025,18:52:24,-61.19,GBP,Marks Spencer,1481.54
dc037e6b-ae7e-3e25-809f-4f7b19d89a17,03/01/2025,00:09:29,-150,GBP,MBNA Credit Card,1331.54
d143b770-93dd-ab4a-a8e8-90e64bfcb31f,03/01/2025,09:30:20,-25.45,GBP,Nandos,1306.09
9f4426d6-4670-6e0e-b59d-dff738a002fd,04/01/2025,09:29:33,-77.99,GBP,BP Oil,1228.1
a702c44e-5229-74cf-8756-2fddaf73a54f,04/01/2025,09:35:00,4800,GBP,HSBC Ltd,6028.1
1227d1a7-fd99-142f-99b0-3b2efa7bb337,05/01/2025,01:08:13,-62,GBP,Sky UK,5966.1
876d33d4-61a5-da49-754f-f865f4c4f82f,05/01/2025,02:29:03,-62.5,GBP,Clearpay,5903.6
8269e1ef-176e-b662-e8b1-73d734896899,06/01/2025,02:50:28,-95,GBP,British Gas,5808.6
c6f8dfbd-5d9e-5726-8688-942be1535f78,06/01/2025,12:02:07,-29.1,GBP,Vue Entertainment,5779.5
2e64f43c-f94f-e712-2bf1-a00b5fc03893,07/01/2025,20:40:05,-27.43,GBP,Wagamama,5752.07
eda1f804-52a1-c225-3b82-85474b287f6b,08/01/2025,02:00:24,-289,GBP,Barclays Car Finance,5463.07
8edfd1d5-c7cc-6db6-f580-1c32fd40572c,08/01/2025,08:40:13,-6.41,GBP,Pret A Manger,5456.66
1cee7364-3f0f-3c14-2fcd-261d2e175d11,09/01/2025,22:59:03,-28.79,GBP,Wagamama,5427.87
e80d9d44-996d-d45a-31a8-094e0321367f,12/01/2025,12:11:26,-80.03,GBP,Tesco Stores,5347.84
ea4b4aa8-74a5-04e0-7bf4-446f9feb8bfa,13/01/2025,14:54:16,-10.39,GBP,Pret A Manger,5337.45
c8f8f21f-e207-b82d-75f6-f4f41318b7a1,15/01/2025,00:32:18,-180,GBP,Student Loans Company,5157.45
e3878fb5-6653-0007-d477-89ff2cd56a3e,15/01/2025,19:25:21,-35.12,GBP,Wagamama,5122.33
ee4303c5-af20-afa4-5b58-47157b207f8c,16/01/2025,09:11:56,-56.13,GBP,Shell,5066.2
23d9dd6f-6fdf-8f78-adbe-63aa7fb6d10f,17/01/2025,14:19:54,-34.96,GBP,Nandos,5031.24
fc92ae48-b8c8-2397-9623-17d4e147c355,18/01/2025,13:48:51,-33.86,GBP,Nandos,4997.38
33ff41de-157a-3add-ff4a-fa53f6182e96,20/01/2025,01:48:05,-44,GBP,Klarna,4953.38
d6c5c074-98c3-a73d-4e10-4ecfd12c5873,22/01/2025,22:34:08,-84.5,GBP,John Lewis,4868.88
143164d9-9c3d-db07-7f45-cd3ea5041c87,23/01/2025,12:18:24,-27.01,GBP,Nandos,4841.87
efe514b9-fe6f-ce0b-dfde-5c7fe5e609a6,24/01/2025,21:12:24,-24.67,GBP,Vue Entertainment,4817.2
fd7054e1-6b44-50a0-298a-aa6632626ae9,25/01/2025,00:22:00,-17.99,GBP,Netflix International,4799.21
7af9ec91-be9c-7ef7-1675-38f67f7d8d1d,25/01/2025,02:22:44,-11.99,GBP,Spotify AB,4787.22
f905009e-ef92-44f7-a1ea-6658642b5e77,25/01/2025,12:50:40,-37.61,GBP,Nandos,4749.61
4fe6c762-e33a-7ed6-d443-7f57edc024a8,26/01/2025,20:55:55,-20.01,GBP,Uber,4729.6
c342d066-3775-3b31-6198-9824842ff1d6,27/01/2025,07:33:19,-93.61,GBP,Tesco Stores,4635.99
1d8904f0-6480-84e9-bc6a-b86256eb2fe1,28/01/2025,02:10:32,-19.99,GBP,Apple One,4616
79d4958b-d66c-f29b-9d0f-91582078cbd3,29/01/2025,21:35:33,-20.56,GBP,Uber,4595.44
5c34f8af-bd93-a26f-2760-2f9f43da632d,31/01/2025,10:51:19,-90.79,GBP,Amazon Payments,4504.65
12c27dd0-6ffa-5db5-5c57-07b6859720b2,01/02/2025,00:03:26,-1550,GBP,Barclays Mortgage,2954.65
94f38e79-557d-9754-1f09-24b9bfddc889,01/02/2025,01:23:35,-180,GBP,Coventry City Council,2774.65
85412a84-d50d-581d-86ca-4e859425dfcd,01/02/2025,13:48:06,-60.24,GBP,Marks Spencer,2714.41
73a26fa3-f2da-2636-31d6-03673010a3de,02/02/2025,01:25:50,-215,GBP,Nationwide Personal Loan,2499.41
03d733ba-f15a-d1e1-38cf-e1fbc36bbe2a,02/02/2025,11:57:28,-3.89,GBP,Costa Coffee,2495.52
c9b4fa5d-29d9-ebc7-05c3-181ecb11e00d,03/02/2025,02:44:24,-150,GBP,MBNA Credit Card,2345.52
5a9003a4-82c2-bed4-42fd-13348277de56,03/02/2025,15:13:17,-76.83,GBP,HSBC ATM,2268.69
4877215a-ad78-5ee7-a826-33ba4c754c93,04/02/2025,10:24:11,4800,GBP,HSBC Ltd,7068.69
1d67e41f-a94d-54d9-4e44-769b5256beed,05/02/2025,01:36:57,-62.5,GBP,Clearpay,7006.19
4e590dca-75d2-aa30-72cc-e9e16faa324d,05/02/2025,02:56:58,-62,GBP,Sky UK,6944.19
15e3c9cd-0114-b9dd-327e-44ce963f5a8c,05/02/2025,14:29:33,-32.62,GBP,Aldi Stores,6911.57
4da1cf80-58a5-2808-1a7e-3bd4bc20a374,06/02/2025,01:50:31,-95,GBP,British Gas,6816.57
25e495a7-ddfd-c276-bccd-3e68ed4f1325,06/02/2025,15:40:00,-12.17,GBP,Boots,6804.4
8c27a9f8-58d7-f8b9-f72b-ae0f823c9262,07/02/2025,08:25:02,-50.59,GBP,Aldi Stores,6753.81
6f013d58-1ca4-06dd-4482-75fb2ce69797,08/02/2025,02:14:35,-289,GBP,Barclays Car Finance,6464.81
4328e718-9d4d-bb2b-351f-5d2902befdd3,09/02/2025,13:07:31,-49.24,GBP,Marks Spencer,6415.57
f0ffdedb-48e4-d399-254a-841c453f3a58,10/02/2025,13:49:35,-66.79,GBP,BP Oil,6348.78
ae3553f7-751c-ccc3-bacc-539bae7fad4d,11/02/2025,10:46:08,-62.45,GBP,Avanti West Coast,6286.33
418a3679-28db-17bc-78c4-8f8fac0818a1,12/02/2025,19:10:22,-101.57,GBP,Tesco Stores,6184.76
172f38f8-5f6b-6f5a-0743-4657466e87e0,15/02/2025,01:49:03,-180,GBP,Student Loans Company,6004.76
27838617-c9ba-abab-ccb9-6dd208c2e4df,16/02/2025,11:31:41,-90.75,GBP,Amazon Payments,5914.01
3d721120-58ac-4e48-0f93-126a28e6b602,17/02/2025,12:36:28,750,GBP,Acme Creative Ltd,6664.01
f47d1dec-1a3c-4dfb-09f3-de8eef324596,18/02/2025,12:56:56,-36.29,GBP,Waterstones,6627.72
231516c4-e8fe-6a9d-7d42-634a17a9ff53,20/02/2025,01:37:02,-44,GBP,Klarna,6583.72
f11fcb9e-2d0c-cf85-34ae-ec29f8405c6e,20/02/2025,11:00:56,-108.2,GBP,Tesco Stores,6475.52
7dc4faa9-7e90-9e90-f070-2c220a778a3a,21/02/2025,09:02:22,-63.15,GBP,Amazon Payments,6412.37
57a496f8-8c48-0dc1-ee26-96f886d5ebae,22/02/2025,08:24:52,-32.61,GBP,Nandos,6379.76
fe035b6e-96cb-81aa-29ba-94801c376b22,23/02/2025,16:47:25,-53.6,GBP,Aldi Stores,6326.16
50ab061e-ac56-e345-c19d-1ace2c46bd7c,25/02/2025,00:13:15,-11.99,GBP,Spotify AB,6314.17
d5227a57-6531-db3d-f599-7b9aefb5d0af,25/02/2025,00:33:26,-17.99,GBP,Netflix International,6296.18
4283d4b6-2e16-018f-7f00-8cead20f59f6,25/02/2025,20:00:36,-49.85,GBP,Aldi Stores,6246.33
bd672b98-2bfa-9d68-6efe-a3de077b7ed7,28/02/2025,00:56:16,-19.99,GBP,Apple One,6226.34
b48b4c0c-eeca-b8d8-7c8e-f28c027c7b6b,28/02/2025,08:32:25,-10.53,GBP,Uber,6215.81
6db3bf60-d00b-df82-b5de-694e13d3ec5b,01/03/2025,01:04:10,-1550,GBP,Barclays Mortgage,4665.81
50b6cbe0-a83c-0469-57c5-0e3986ddcedf,01/03/2025,02:14:21,-180,GBP,Coventry City Council,4485.81
339b8e8d-f0bd-b5e8-f6b3-e2b717d5c8e4,01/03/2025,18:32:10,-5.34,GBP,Costa Coffee,4480.47
95a353f7-8365-6e44-67ec-caddc89ddbc8,02/03/2025,02:31:13,-215,GBP,Nationwide Personal Loan,4265.47
9458c5b8-dffa-06ce-eb5a-90892c32a4c7,03/03/2025,02:12:57,-150,GBP,MBNA Credit Card,4115.47
6d148c2a-8aa6-c8c5-efdb-8dfe59c4ad14,04/03/2025,09:15:15,-58.53,GBP,John Lewis,4056.94
2d5c7882-c576-027d-e315-59f14220da07,04/03/2025,10:57:15,4800,GBP,HSBC Ltd,8856.94
fe2b1b4c-d411-df44-0150-977c84d5b02a,05/03/2025,01:33:35,-62,GBP,Sky UK,8794.94
d36b946d-79dd-1184-9840-d626c40a8b15,05/03/2025,02:45:26,-62.5,GBP,Clearpay,8732.44
dee8ade7-a6c4-6904-260f-d2b6ebcbf3af,05/03/2025,17:31:12,-93.92,GBP,Amazon Payments,8638.52
2215b644-6e1f-56d4-9efa-ea0c5494fee6,06/03/2025,02:01:02,-95,GBP,British Gas,8543.52
75895870-0db4-4430-ccc1-23e3290209d1,06/03/2025,16:11:17,-111.62,GBP,Amazon Payments,8431.9
28f768ac-e3ef-bcec-e30a-7f48b0065167,07/03/2025,13:46:23,-93.56,GBP,Tesco Stores,8338.34
65527ec4-8f86-917d-a426-a329c9f8fa63,08/03/2025,01:24:09,-289,GBP,Barclays Car Finance,8049.34
a1c7bbc8-fd45-41d8-d430-adef6e35cd4d,08/03/2025,08:01:22,-6.39,GBP,Pret A Manger,8042.95
ee085952-f6fa-7407-afb9-dcd29d11de1c,09/03/2025,18:20:56,-36.39,GBP,Wagamama,8006.56
d656a672-70f6-0853-9b20-64b931099eac,10/03/2025,12:13:14,-3.6,GBP,TfL Travel,8002.96
686fa654-001c-ce6e-5ed5-406e7c79cd1c,11/03/2025,20:07:42,-146.75,GBP,HSBC ATM,7856.21
86744c0d-84b8-40f1-bd93-fb106b279847,12/03/2025,20:35:56,-50.88,GBP,Avanti West Coast,7805.33
42b9347b-9879-717e-402b-0cc6b7357fe3,13/03/2025,18:51:07,-26.06,GBP,Boots,7779.27
0b3db1ad-d952-e71e-6852-17d6861c3647,14/03/2025,17:39:06,-82.96,GBP,HSBC ATM,7696.31
729c97e0-d911-72e7-e3df-9036c4f4748e,15/03/2025,01:39:39,-180,GBP,Student Loans Company,7516.31
e631c276-50ed-2f72-9e48-924add8d421c,15/03/2025,07:38:47,-4.83,GBP,Costa Coffee,7511.48
698c2baa-718d-5dc5-707b-2cad7a88b70b,17/03/2025,21:27:50,-6.33,GBP,Costa Coffee,7505.15
0cf55a9a-7acf-9b40-dadd-656a77ccc5bc,18/03/2025,00:38:44,-10,GBP,Halifax Overdraft Fee,7495.15
7fd844fc-3914-7a70-54a7-7a14774d4899,18/03/2025,16:25:49,-20.33,GBP,Nandos,7474.82
3a1042eb-5c66-ad4a-b90c-4ab22636506e,19/03/2025,17:38:05,-91.18,GBP,Amazon Payments,7383.64
adf03558-4b49-40ba-078c-262941a6659e,20/03/2025,00:36:05,-44,GBP,Klarna,7339.64
41035886-8e6c-7e6f-9260-0bd433254ead,20/03/2025,07:01:07,-22.23,GBP,Nandos,7317.41
ba9375b5-21a9-5162-407b-9b91adcfd807,21/03/2025,07:27:53,-198.86,GBP,John Lewis,7118.55
d19c1c16-4c04-d0e3-c195-d5ff287c83be,22/03/2025,16:11:45,-49.57,GBP,Wagamama,7068.98
a552d85f-2069-5be9-7af3-e1f091c48238,23/03/2025,10:04:17,-44.65,GBP,Aldi Stores,7024.33
f8411879-2857-31d4-b766-af7ff62f3898,24/03/2025,15:46:07,-34,GBP,Nandos,6990.33
aaa82c13-3967-bf37-be2a-111083445277,25/03/2025,01:30:25,-11.99,GBP,Spotify AB,6978.34
dffab7cf-8aac-ed16-c2af-3372a63bb576,25/03/2025,02:53:04,-17.99,GBP,Netflix International,6960.35
75212d78-22ea-5ea5-6056-09a582a2a6f2,25/03/2025,16:53:28,-62.25,GBP,Amazon Payments,6898.1
7d6e17b6-2fb5-22fe-6ce6-296f0df2ecc0,26/03/2025,13:21:32,-39.91,GBP,Aldi Stores,6858.19
93c095e4-c70b-460e-a95f-36330fa8bc86,27/03/2025,09:14:35,-34.25,GBP,Deliveroo,6823.94
5692ea36-f8e7-5ee8-94b9-9ee677faff69,28/03/2025,00:36:00,-19.99,GBP,Apple One,6803.95
59e7e7c6-7b64-9253-bf17-cae881d2b875,28/03/2025,09:00:27,-5.3,GBP,TfL Travel,6798.65
a91f9349-8823-2413-14dd-6a98366d7438,29/03/2025,09:49:15,-81.83,GBP,Tesco Stores,6716.82
23ee151e-1d13-74a1-8c86-ccdff23ba590,30/03/2025,12:52:35,-20.04,GBP,Uber,6696.78
9bdc6953-eb26-b93d-8ec3-4076a2933532,31/03/2025,13:19:25,-26.74,GBP,Deliveroo,6670.04
86a74c39-44ae-b400-58c9-62f74b7ef88a,01/04/2025,00:28:41,-1550,GBP,Barclays Mortgage,5120.04
d5a7d5da-05ca-3d40-a61a-85a483660ff6,01/04/2025,01:30:34,-180,GBP,Coventry City Council,4940.04
d5d3e59c-300c-8dc7-d596-d515ad10a6ce,01/04/2025,17:44:58,-34.58,GBP,Aldi Stores,4905.46
04a78d2d-59f8-1fcd-d6a7-15eb999c18db,02/04/2025,02:58:14,-215,GBP,Nationwide Personal Loan,4690.46
a519f892-dce4-a35a-bd86-6baabddd5b6d,03/04/2025,02:33:38,-150,GBP,MBNA Credit Card,4540.46
b7978085-6036-4849-2343-b1eb58ab391c,03/04/2025,18:35:11,-3.99,GBP,Costa Coffee,4536.47
2b002cc3-9fd2-952d-8823-dccdeb0bb057,04/04/2025,10:19:01,4800,GBP,HSBC Ltd,9336.47
a425a0dd-fd84-e74c-d279-8f19c81d4fe1,04/04/2025,20:02:04,-22.13,GBP,Deliveroo,9314.34
703baeb4-bd97-a784-3ab2-6a46ca60f489,05/04/2025,01:11:35,-62,GBP,Sky UK,9252.34
105368e4-2093-38c0-8e3d-94c471219be3,05/04/2025,02:35:18,-62.5,GBP,Clearpay,9189.84
68f26b47-02b6-5b8f-97f7-73ea2f6d9c34,05/04/2025,16:02:42,-73.21,GBP,Avanti West Coast,9116.63
a2aaf57b-e805-d143-d683-115247d8fc68,06/04/2025,01:12:40,-95,GBP,British Gas,9021.63
bd45a4a0-d8f5-152b-7dae-5010ed0cd241,06/04/2025,19:27:55,-33.24,GBP,Aldi Stores,8988.39
064dc564-cd7c-04f6-24ef-07d5f87e1b18,07/04/2025,19:16:06,-40.48,GBP,Deliveroo,8947.91
867550dc-ae1e-9e42-cb61-fa95bd1fecfb,08/04/2025,01:08:04,-289,GBP,Barclays Car Finance,8658.91
8a86cf00-87fc-6570-d1c0-561bd0942337,08/04/2025,19:20:37,-75.16,GBP,Tesco Stores,8583.75
68e890f9-d2e6-41aa-989e-7837df347d00,09/04/2025,15:26:57,-79.18,GBP,John Lewis,8504.57
fb89ed8b-a02b-312f-b67d-a18ee610415a,10/04/2025,07:35:32,-34.08,GBP,Avanti West Coast,8470.49
b869b8c1-1eae-e31f-fac8-649240a3d710,11/04/2025,15:19:27,-61.57,GBP,Shell,8408.92
87f46bf4-6813-a564-5a8a-3fbb9434855e,12/04/2025,22:14:30,-27.06,GBP,Avanti West Coast,8381.86
7447ef93-72d0-0b1a-4c11-33ac5a7c6e8e,13/04/2025,08:08:29,-95.3,GBP,Amazon Payments,8286.56
0e483e5e-1f57-ef82-3f8a-1232c53ed177,14/04/2025,18:49:47,-78.71,GBP,BP Oil,8207.85
60059c7d-beef-d80c-4edb-54dd468416b5,15/04/2025,00:04:00,-180,GBP,Student Loans Company,8027.85
73d49b9c-6a64-3f66-93c6-5801d058d5a3,17/04/2025,07:13:46,-16.44,GBP,Uber,8011.41
2a18e38b-f8e5-a5a9-ae58-259fc84d8b60,18/04/2025,02:27:11,-10,GBP,Halifax Overdraft Fee,8001.41
43570cc4-dc13-3dbd-bdf6-ef6d45630f80,20/04/2025,01:53:38,-44,GBP,Klarna,7957.41
b9ef33ea-a7b3-68ea-0f6a-70927f6da2dc,20/04/2025,16:03:40,-49.48,GBP,Wagamama,7907.93
0c08d55d-17d7-a9fb-dcdd-7c60ce704279,21/04/2025,22:48:08,-56.14,GBP,Shell,7851.79
2cb73ce0-5af9-fc7a-e6d4-f0c40e366e7b,22/04/2025,08:50:21,-30.74,GBP,Waterstones,7821.05
12815d41-d9c5-8c2b-fc1a-939eb8d89660,23/04/2025,15:11:32,-44.99,GBP,Wagamama,7776.06
9847dddf-488c-0049-8cb0-797ba29afb4c,25/04/2025,01:46:16,-17.99,GBP,Netflix International,7758.07
74ad8fe7-0621-23eb-80c1-5d4e75727acb,25/04/2025,02:19:30,-11.99,GBP,Spotify AB,7746.08
463df181-d6e9-953b-1b13-b48df91556a3,25/04/2025,15:14:11,-64.14,GBP,Aldi Stores,7681.94
1c9e65c2-4d07-bdb4-51f0-1f3b6751dce2,27/04/2025,15:20:25,-6.56,GBP,Pret A Manger,7675.38
42ea2e4d-8b3f-e30e-007c-2159b66c4d7e,28/04/2025,00:56:16,-19.99,GBP,Apple One,7655.39
01ff767a-4e33-7a5c-daea-053f44594e96,28/04/2025,21:29:17,-35.45,GBP,Aldi Stores,7619.94
1fb95d69-dab4-9eaa-4449-07b5507e72bc,29/04/2025,17:36:09,-78.74,GBP,Amazon Payments,7541.2
2a411356-ee06-96f5-0239-3721c38dffa3,30/04/2025,11:50:29,-65.04,GBP,Shell,7476.16
31a9e325-6844-fc85-b482-97613e6f71c7,01/05/2025,00:50:44,-1550,GBP,Barclays Mortgage,5926.16
674fc744-0333-efe6-1d39-4fdb3898e53e,01/05/2025,01:21:49,-180,GBP,Coventry City Council,5746.16
65a79f7c-4181-bb98-7c02-e798da027778,01/05/2025,09:05:14,-117.47,GBP,Amazon Payments,5628.69
9e1dbb3e-0e9c-8e28-9c74-e4edd3fb99ca,02/05/2025,00:50:24,-215,GBP,Nationwide Personal Loan,5413.69
9d589467-3e9b-6653-7e85-749b4a81b96f,02/05/2025,14:21:05,-44.26,GBP,Aldi Stores,5369.43
bac50a20-bedb-0eef-fc94-3ef6b464945b,03/05/2025,02:03:05,-150,GBP,MBNA Credit Card,5219.43
cbd33348-09f1-163f-aeb4-ba78af5794c3,03/05/2025,15:28:21,-71.87,GBP,BP Oil,5147.56
c785c7d0-9968-9d88-1d50-8adc2af39cbb,04/05/2025,08:41:35,4800,GBP,HSBC Ltd,9947.56
8fd249e7-dbaf-1baf-b228-eaf2a50b6476,05/05/2025,01:47:10,-62,GBP,Sky UK,9885.56
50afd4f2-e0da-3e71-273f-28e0ba765075,05/05/2025,02:27:20,-62.5,GBP,Clearpay,9823.06
cc26e42f-c8c6-c096-ae3a-bb60916faa13,05/05/2025,11:30:28,-49.9,GBP,Aldi Stores,9773.16
22560da4-6218-93e4-c306-8b4f6e8d1ba7,06/05/2025,01:43:33,-95,GBP,British Gas,9678.16
ad895124-9f89-ad95-b683-e0ce1470a33e,06/05/2025,21:49:06,-32.47,GBP,Deliveroo,9645.69
f6db0e42-4b9c-8a12-d9f5-de1a3763eee8,08/05/2025,01:12:07,-289,GBP,Barclays Car Finance,9356.69
70452577-5ec7-fbb3-ebc2-eb166a735dee,08/05/2025,17:53:03,-90.26,GBP,Tesco Stores,9266.43
60a1bcb6-adc4-f6e6-5c7e-74a509e6d112,09/05/2025,20:34:59,-7.7,GBP,TfL Travel,9258.73
f694fe02-7f4d-5015-0999-d6acd57972d4,11/05/2025,15:01:22,-63.41,GBP,Aldi Stores,9195.32
bdab8b63-03e6-f6a8-a81f-cadf952250fc,12/05/2025,13:14:38,-82.02,GBP,Tesco Stores,9113.3
7ea476a9-53fd-d7d8-1d02-3d7e3942f75a,13/05/2025,15:30:22,-11.13,GBP,Uber,9102.17
d5f41a6f-2168-9892-6c48-565087e8fb32,14/05/2025,07:41:28,-4.4,GBP,Apple App Store,9097.77
54b0fde1-16f0-d859-264e-eddf4d747c4b,15/05/2025,02:02:52,-180,GBP,Student Loans Company,8917.77
83bd99c0-9134-e3b9-5ee9-819758b92a0a,18/05/2025,16:50:41,-52.96,GBP,Marks Spencer,8864.81
0979252d-c6fc-b484-5889-fb8452220fa8,19/05/2025,09:21:06,-4.26,GBP,Costa Coffee,8860.55
83039d31-fef0-ea5d-8983-4a988aa734c1,20/05/2025,00:27:45,-44,GBP,Klarna,8816.55
96ff96e4-23d3-4b5b-101f-5b2fe037767d,22/05/2025,15:20:58,-67.69,GBP,BP Oil,8748.86
90c65425-c19f-96e5-fdf8-50b92392896e,24/05/2025,16:53:58,-24.23,GBP,Deliveroo,8724.63
4b84c2ff-39cb-f856-7b90-c112874093ba,25/05/2025,00:05:42,-17.99,GBP,Netflix International,8706.64
8d934b69-6188-fd6b-28ca-ff741d80040b,25/05/2025,01:04:50,-11.99,GBP,Spotify AB,8694.65
f622d52c-0a37-73a3-e0b0-4efd52b8f0fc,25/05/2025,17:14:54,-42.04,GBP,Aldi Stores,8652.61
8266d7ac-1264-6760-0617-51b30524d544,28/05/2025,02:00:55,-19.99,GBP,Apple One,8632.62
700f238e-e464-a79d-efc1-361a70352ede,28/05/2025,12:10:56,-39.4,GBP,Aldi Stores,8593.22
afb25c19-99dc-b33e-864d-9ed8e39b7743,30/05/2025,18:30:09,-40.68,GBP,Aldi Stores,8552.54
e0a44489-a6c6-02c6-c3dd-a09db92d8cb1,31/05/2025,17:59:15,-57.77,GBP,BP Oil,8494.77
3993f43a-e25e-9868-03f9-95adc06e95ee,01/06/2025,00:52:38,-180,GBP,Coventry City Council,8314.77
212b7935-2fdd-7e14-d764-fa8bc121568f,01/06/2025,01:27:59,-1550,GBP,Barclays Mortgage,6764.77
4a7ecdfe-57c6-7d33-e048-f85b1ffcab56,01/06/2025,13:20:31,-5.01,GBP,Pret A Manger,6759.76
26f2eb1c-f039-f219-46bf-d13eae08c64b,02/06/2025,00:39:53,-215,GBP,Nationwide Personal Loan,6544.76
ce6a6467-758a-c852-93bd-d80416b866dc,03/06/2025,00:59:27,-150,GBP,MBNA Credit Card,6394.76
15aac177-290c-5a49-81a8-164412a6fefa,04/06/2025,09:55:56,4800,GBP,HSBC Ltd,11194.76
40a67da5-0e74-11a7-cf37-48e115da610c,04/06/2025,16:33:02,-183.3,GBP,HSBC ATM,11011.46
a3aeb773-4224-6c92-0fcf-a8db0b9638e3,05/06/2025,01:29:50,-62.5,GBP,Clearpay,10948.96
57ff13a8-d627-1bd0-e266-d21bbf8ff15e,05/06/2025,02:13:06,-62,GBP,Sky UK,10886.96
af1e3765-0623-cb1a-62bb-8f48c110ba41,05/06/2025,13:17:55,-32.23,GBP,Marks Spencer,10854.73
11cb8052-59ee-3a41-08e7-3be5706271fa,06/06/2025,00:04:05,-95,GBP,British Gas,10759.73
06b024a9-3c1e-6279-f859-1a2ad017b351,06/06/2025,09:05:01,-21.81,GBP,Amazon Payments,10737.92
04dbf70e-8b17-a89b-2439-3548fd752224,08/06/2025,01:49:23,-289,GBP,Barclays Car Finance,10448.92
4a1498fe-57fa-c568-264e-c85725f20727,08/06/2025,12:30:12,-51.41,GBP,BP Oil,10397.51
c8e713a1-2dc6-b91a-e3d7-f3c2848e030c,09/06/2025,16:42:52,-81.09,GBP,Tesco Stores,10316.42
50cc0d88-c01f-ef6a-3774-81cf77d55cce,10/06/2025,17:47:41,-37.02,GBP,Aldi Stores,10279.4
88e74b0b-492f-d653-9846-3d9465fe8a9b,11/06/2025,13:07:02,-70,GBP,Amazon Payments,10209.4
74576c7d-943e-3df9-73de-5a43cd393277,13/06/2025,09:37:58,-96.92,GBP,Tesco Stores,10112.48
c4c1f6d0-c9c3-e01b-4708-1e2965db5fda,14/06/2025,07:43:39,-4.44,GBP,TfL Travel,10108.04
71e0ee13-497c-beca-7d18-41b16abe7941,15/06/2025,02:29:39,-180,GBP,Student Loans Company,9928.04
6cadb7ba-dc80-6fe0-7146-5e4c3ad37d89,15/06/2025,21:08:35,-24.85,GBP,Deliveroo,9903.19
a6bc67ab-65a5-9319-3c70-1381acdcdfec,19/06/2025,09:10:38,-105.39,GBP,Tesco Stores,9797.8
5beb5848-e696-69b6-467c-7906468e82e5,20/06/2025,02:08:33,-44,GBP,Klarna,9753.8
7035835e-c798-fb24-eeeb-8c275e9c48aa,20/06/2025,07:18:24,-12.95,GBP,Uber,9740.85
d01eb0c3-a692-684c-9876-2ee5970a65f9,21/06/2025,13:48:32,-1.72,GBP,Apple App Store,9739.13
a5f002a3-435a-a70d-bb97-77b70b890dd4,22/06/2025,22:22:36,-144.52,GBP,HSBC ATM,9594.61
f04282ed-9fce-3712-3f84-de9bef66c4b9,24/06/2025,14:39:32,-39.74,GBP,Aldi Stores,9554.87
e2565717-a0ee-c8e5-f9cb-35105b5458e3,25/06/2025,02:36:08,-11.99,GBP,Spotify AB,9542.88
c7c7f73e-f7c9-6a4f-395a-fe86fa2888a9,25/06/2025,02:51:30,-17.99,GBP,Netflix International,9524.89
6c1cba19-b63d-4aea-c101-13b08be8585e,25/06/2025,12:13:59,-31.75,GBP,Boots,9493.14
91de2812-79d2-883c-fce6-543a4045c76e,27/06/2025,19:48:08,-18.31,GBP,Nandos,9474.83
a9094d51-ca60-6fba-7098-079a89fa98f8,28/06/2025,01:35:05,-19.99,GBP,Apple One,9454.84
79cb0c4b-2bb7-1c90-1824-85bb2b8b79d7,28/06/2025,12:34:23,-22.38,GBP,Uber,9432.46
3b9e3b92-dfa4-32cb-e5fb-bb100c71ea18,30/06/2025,16:42:32,-105.79,GBP,Tesco Stores,9326.67
9873178d-9b62-0339-5084-04556e6bf36f,01/07/2025,01:49:37,-1550,GBP,Barclays Mortgage,7776.67
2c723c99-e3cf-eb97-46a0-d7e9c751f97e,01/07/2025,02:47:31,-180,GBP,Coventry City Council,7596.67
5f394a59-b85b-ef70-11fc-cd3b066c1920,02/07/2025,01:37:55,-215,GBP,Nationwide Personal Loan,7381.67
f379319f-38b4-831b-9f74-ebbda14f48bd,02/07/2025,10:44:43,-60.34,GBP,BP Oil,7321.33
94db2acd-865f-212a-3131-50a4a349c044,03/07/2025,00:50:10,-150,GBP,MBNA Credit Card,7171.33
703fe2f5-887a-adc9-6234-8570968ecf2d,04/07/2025,10:13:51,4800,GBP,HSBC Ltd,11971.33
653f64ae-0d48-9b8a-711d-8a9be001fe1d,04/07/2025,13:24:52,-3.63,GBP,Costa Coffee,11967.7
04296804-560e-d068-836e-58bcb349c0fc,05/07/2025,01:58:54,-62.5,GBP,Clearpay,11905.2
5d5cd9cc-ffb2-d203-a9ab-a25a5bf99063,05/07/2025,02:03:11,-62,GBP,Sky UK,11843.2
be3dae15-a97c-cb29-a8cd-b79fe1f8e7ff,05/07/2025,20:44:39,-88.35,GBP,Tesco Stores,11754.85
edc8e8dd-acdb-dedb-0dc3-590700a8e51b,06/07/2025,02:27:57,-95,GBP,British Gas,11659.85
f8e6b54e-5e3c-b874-5b29-6685b656bf50,06/07/2025,17:50:31,-106.15,GBP,Tesco Stores,11553.7
460390ba-8bf0-2404-fe2c-70b1b5afef85,08/07/2025,00:25:15,-289,GBP,Barclays Car Finance,11264.7
30db9a4f-b097-1099-f037-98459630376f,08/07/2025,17:37:27,-6.09,GBP,Costa Coffee,11258.61
8862e38c-9d93-419c-0361-56b3407ea668,09/07/2025,14:09:26,-15.63,GBP,Uber,11242.98
b84cebe2-798b-949a-bb8d-6de5bac29fd4,10/07/2025,09:39:32,-61.39,GBP,BP Oil,11181.59
03d23a3b-42ee-6f96-ab01-31552ba30558,11/07/2025,20:34:03,-33.65,GBP,John Lewis,11147.94
ce96e12b-6608-fced-5cc8-2c8bc56a799d,14/07/2025,19:10:08,-38.69,GBP,Aldi Stores,11109.25
f9cea4f3-7c0e-a354-cf3b-c55d3879de9f,15/07/2025,01:24:41,-180,GBP,Student Loans Company,10929.25
2ece3133-1335-807b-d1b7-2971b5b8d702,16/07/2025,22:02:48,-101.87,GBP,Tesco Stores,10827.38
bfeeb4c9-e36f-e130-0873-dc6e35945b6d,17/07/2025,11:00:57,-13.28,GBP,Apple App Store,10814.1
10af63a6-7ccd-40ee-a78d-ad80940cd806,18/07/2025,01:23:07,-10,GBP,Halifax Overdraft Fee,10804.1
42b4e482-1a04-52a5-a539-f25579936b8e,18/07/2025,19:59:50,-49.37,GBP,Amazon Payments,10754.73
643adf28-d1d0-d428-95d5-2f85989d9bc2,19/07/2025,08:33:58,-15.18,GBP,Vue Entertainment,10739.55
7331dbcf-9ea6-068f-1063-26c8f170aedf,20/07/2025,01:32:52,-44,GBP,Klarna,10695.55
58f1044d-352d-9546-ec22-562a0716770c,20/07/2025,08:30:11,-103.27,GBP,Tesco Stores,10592.28
9ba09278-ddf2-5c44-6929-98ca2b5c1f3a,21/07/2025,13:42:17,-26.13,GBP,Boots,10566.15
104f7b98-9dda-6728-e0ad-a09ba0f4fdad,22/07/2025,13:38:55,-28.7,GBP,Deliveroo,10537.45
738405ec-7e97-d7bd-d88f-97a9fdd2744c,23/07/2025,22:21:07,-55.04,GBP,Aldi Stores,10482.41
1d397be5-ce8b-1c60-1182-fbf3aa472667,24/07/2025,11:03:48,-23.6,GBP,Vue Entertainment,10458.81
a0c97685-e994-05f1-36cf-b421b348f79d,25/07/2025,00:16:57,-11.99,GBP,Spotify AB,10446.82
43b2f371-8fa1-d8cf-2489-661231548469,25/07/2025,01:14:52,-17.99,GBP,Netflix International,10428.83
72a57d75-c7fc-142f-3a97-321d1f13a509,26/07/2025,13:24:28,-46.9,GBP,Amazon Payments,10381.93
cd6e107f-c3f0-37b8-742b-8c2aac01b961,28/07/2025,01:57:40,-19.99,GBP,Apple One,10361.94
dd5e994d-72c1-413a-0f95-bffcf654283b,29/07/2025,17:00:00,-58.41,GBP,Aldi Stores,10303.53
8223ec5d-ac5e-f9c8-b12c-21827b545169,30/07/2025,20:50:54,-7.39,GBP,Pret A Manger,10296.14
7b393e13-c198-2c39-4343-365d6e8b77c1,31/07/2025,14:49:46,-21.14,GBP,Waterstones,10275
95323830-3e89-2c52-5307-8f354351178e,01/08/2025,02:45:10,-1550,GBP,Barclays Mortgage,8725
127cae84-a4be-7f97-fe81-b3d58ab72d65,01/08/2025,02:57:09,-180,GBP,Coventry City Council,8545
05d6291e-a5e3-f3ce-8ea2-6a985803e4cd,02/08/2025,02:22:25,-215,GBP,Nationwide Personal Loan,8330
e1b63710-848b-53a4-0514-3d707a916eb9,02/08/2025,15:09:46,-79.15,GBP,John Lewis,8250.85
36591517-4e46-fb17-824f-f5ffbdcc5b02,03/08/2025,02:03:18,-150,GBP,MBNA Credit Card,8100.85
61c7cb05-1d78-6cdd-3e1f-9c55d8ce498b,03/08/2025,10:19:32,-105.28,GBP,Tesco Stores,7995.57
f408010e-c6eb-67de-8e64-199dd51b355d,04/08/2025,09:14:09,4800,GBP,HSBC Ltd,12795.57
67aea6e6-a420-1356-2dce-a45a71392920,05/08/2025,01:32:16,-62,GBP,Sky UK,12733.57
0506ad38-9b0d-6731-5763-f6a7e2cc1208,05/08/2025,01:43:06,-62.5,GBP,Clearpay,12671.07
84081534-dfdd-ab36-b30a-3fb5078950fa,06/08/2025,00:56:53,-95,GBP,British Gas,12576.07
78915a55-7664-16a5-29dc-25fb5685e2d8,07/08/2025,15:56:49,-71.33,GBP,BP Oil,12504.74
13485099-58ed-62b9-dd82-e1e99b1c6727,08/08/2025,02:07:38,-289,GBP,Barclays Car Finance,12215.74
7aff4284-7bdb-e68b-ddc6-d18027833647,08/08/2025,14:22:32,-19.82,GBP,Deliveroo,12195.92
ee364bc7-f0fc-afcf-9db3-9ceb140fc1a3,09/08/2025,19:45:28,-38.12,GBP,Deliveroo,12157.8
a2d806a3-8bba-ff7d-d8f6-134732434e25,10/08/2025,15:16:56,420,GBP,HMRC,12577.8
c0d0cd84-cdd1-61b8-5026-1104a608a930,10/08/2025,21:55:07,-74.48,GBP,BP Oil,12503.32
800407fe-e401-14ab-4da8-e4dadd3e9864,11/08/2025,11:37:03,-18.15,GBP,Amazon Payments,12485.17
f52db692-9084-0f69-80ac-13d794f88d21,13/08/2025,20:11:13,-37.96,GBP,Aldi Stores,12447.21
e769773f-7f56-6422-2db0-baff2cfd18e7,14/08/2025,20:28:16,-4.96,GBP,TfL Travel,12442.25
7d51915f-4b23-4305-4184-1e5903f443dc,15/08/2025,00:34:14,-180,GBP,Student Loans Company,12262.25
0407cb18-c686-c2c6-554d-dcb8ced5236a,17/08/2025,08:00:47,-13.21,GBP,Waterstones,12249.04
4c124f40-83ba-729e-c701-70d7139f25c0,18/08/2025,12:14:34,-10.27,GBP,Apple App Store,12238.77
30feb340-ff0d-9ae6-d9d9-824135807d02,19/08/2025,18:28:56,-42.1,GBP,Deliveroo,12196.67
c6804c6f-36fe-593c-adb7-21edb90efe2a,20/08/2025,00:16:25,-44,GBP,Klarna,12152.67
384ed9f8-a436-a585-ddb5-95b4cbfee71d,20/08/2025,15:22:31,-59.17,GBP,Amazon Payments,12093.5
9a685318-fa12-928f-5c5a-1a940731bab9,22/08/2025,11:23:13,-5.42,GBP,Costa Coffee,12088.08
160723c6-a478-bba4-ae4e-90ce6bc88253,24/08/2025,16:54:19,-66.45,GBP,Amazon Payments,12021.63
42ff9b24-b5c9-d85d-91e1-29880b91d1f9,25/08/2025,00:19:03,-11.99,GBP,Spotify AB,12009.64
ae65ebc9-42b3-b7fb-3a30-a6887d2c9220,25/08/2025,01:11:18,-17.99,GBP,Netflix International,11991.65
b6c0cbe9-a02a-b3c5-8a71-5c1c21de96d5,25/08/2025,21:55:53,-62.54,GBP,Shell,11929.11
2a2e7826-99a9-8b44-7b31-c88c7441c4de,26/08/2025,21:14:03,-79.59,GBP,BP Oil,11849.52
7308b614-3909-cb6c-ebc7-7a10443784dc,27/08/2025,13:02:06,-10.87,GBP,Pret A Manger,11838.65
62a2fe2e-962c-a405-3784-c97c339bee11,28/08/2025,01:33:14,-19.99,GBP,Apple One,11818.66
d1ea0599-f783-4d07-5af5-78356dc56631,28/08/2025,17:37:52,-39.07,GBP,Aldi Stores,11779.59
813e7019-d37e-b305-b968-aa7a9f628310,29/08/2025,13:35:12,-6.15,GBP,Costa Coffee,11773.44
afc337c6-9bd3-8f96-a84a-d0091ae44029,30/08/2025,13:45:22,-11.03,GBP,Pret A Manger,11762.41
7244d3e2-1e48-2b58-ddcc-cb6e4301faef,31/08/2025,18:21:16,-24.36,GBP,Uber,11738.05
13530ddc-9f61-a542-fea5-c2a292ee3bf7,01/09/2025,00:33:23,-1550,GBP,Barclays Mortgage,10188.05
19fd16d0-c852-6b8d-ef07-903b4564774a,01/09/2025,02:18:25,-180,GBP,Coventry City Council,10008.05
1d064191-d362-d6f3-d45f-3606f47a39f9,02/09/2025,02:12:20,-215,GBP,Nationwide Personal Loan,9793.05
9c0b52cd-12ef-b134-d5db-14ef40c46453,02/09/2025,19:41:06,-67.6,GBP,Amazon Payments,9725.45
4d97a1f0-d492-0eb9-ff49-ccce31ad463f,03/09/2025,00:31:54,-150,GBP,MBNA Credit Card,9575.45
dd640638-4c1b-1b84-6ca9-57b34efd62d0,03/09/2025,12:53:27,-87.41,GBP,Tesco Stores,9488.04
78ee8874-48dc-a991-6990-0aec7148f23e,04/09/2025,08:25:11,4800,GBP,HSBC Ltd,14288.04
c61d8eaa-3712-702a-365b-cd9cd2e03120,04/09/2025,20:12:37,-63.53,GBP,BP Oil,14224.51
9d99a330-cc8e-ecbe-f17b-b699dcc4cdfc,05/09/2025,00:54:07,-62.5,GBP,Clearpay,14162.01
f6aa53ad-a191-b7cd-2e2a-aa201c85a727,05/09/2025,02:42:09,-62,GBP,Sky UK,14100.01
0193cb2f-54f8-80b4-f864-1e7c4d034f67,05/09/2025,21:34:24,-3.36,GBP,Apple App Store,14096.65
5a9ff8a3-8bf8-123f-becd-5cdffd115736,06/09/2025,02:59:19,-95,GBP,British Gas,14001.65
3a65b287-37a9-fcd3-d34f-f714ae6139b8,06/09/2025,08:27:24,-23.27,GBP,Vue Entertainment,13978.38
9c3598b1-3205-fd4e-8aee-d2c49a34b23d,07/09/2025,11:28:50,-17.31,GBP,Boots,13961.07
2289bf72-8cc8-432d-49db-5eb6c10899af,08/09/2025,01:13:53,-289,GBP,Barclays Car Finance,13672.07
7979d5e1-c65b-af03-cf89-c78a2a1f4b63,08/09/2025,15:02:04,-91.95,GBP,Tesco Stores,13580.12
a5a17280-6dc7-9a6c-1d72-d999fe58c6ec,09/09/2025,13:44:57,-46.97,GBP,Shell,13533.15
dfbdf2f5-071f-b1fc-c857-b70a7d91eba7,10/09/2025,10:33:16,-6.95,GBP,Pret A Manger,13526.2
f911d7c0-e31f-0190-9717-94654152ef96,11/09/2025,07:28:30,-34.67,GBP,Avanti West Coast,13491.53
17be3ad4-e04f-7a76-9bb4-9a5eefb5e8f4,12/09/2025,19:17:51,-3.84,GBP,Costa Coffee,13487.69
6edb26d2-a343-8269-4408-1ea1234a0a9e,13/09/2025,21:25:12,-7.02,GBP,TfL Travel,13480.67
d4767a78-cb89-a7ce-2a26-e9cd58cf5136,14/09/2025,14:36:44,-26.9,GBP,Amazon Payments,13453.77
94581270-cac4-3be0-42f5-27e346924e9c,15/09/2025,00:03:50,-180,GBP,Student Loans Company,13273.77
4863ef6d-990f-a992-0070-85559c7f387d,15/09/2025,17:40:38,-45.91,GBP,Wagamama,13227.86
735a515e-31ea-ec1e-2ef0-0841ef316a15,17/09/2025,10:08:44,-43.09,GBP,Aldi Stores,13184.77
ba1cf007-db07-10a6-14f9-7d883bd2c293,19/09/2025,07:08:35,-91.16,GBP,Amazon Payments,13093.61
ffd3e276-859b-95de-e01a-f37576a76b7c,20/09/2025,01:45:20,-44,GBP,Klarna,13049.61
1130fb51-1483-6fae-420d-6fd0a5325c70,20/09/2025,19:25:24,-11.41,GBP,Pret A Manger,13038.2
1b451b55-a7b5-0e78-ce4c-0b3c94c25522,21/09/2025,10:15:22,-57.38,GBP,Shell,12980.82
f36a428b-e63e-b9af-f2f7-72225c7702e2,22/09/2025,14:38:25,-91.46,GBP,Amazon Payments,12889.36
905aa32c-c3ef-4814-c874-dd7568335df3,23/09/2025,07:32:51,-6.35,GBP,Costa Coffee,12883.01
106cd01f-a402-8b79-d828-4d9e8af036cb,24/09/2025,12:02:32,-22.86,GBP,Marks Spencer,12860.15
16511246-517d-1291-dd83-36c6078eb5ad,25/09/2025,01:58:49,-17.99,GBP,Netflix International,12842.16
20187a58-175d-341b-87e2-f43f9c7e53ff,25/09/2025,02:13:16,-11.99,GBP,Spotify AB,12830.17
a1758a57-b373-3a15-715f-ccf7b5ad7eee,25/09/2025,12:27:06,-3.67,GBP,Costa Coffee,12826.5
96be9793-34f3-9931-2e30-88231a9e6e0d,27/09/2025,20:50:52,-27.7,GBP,Boots,12798.8
c5fd8a44-ab2a-d8ec-32b9-912a49f1ed6f,28/09/2025,00:58:57,-19.99,GBP,Apple One,12778.81
2018e38c-46dd-22b3-4a3a-4f51c36680d7,29/09/2025,15:06:37,-83.55,GBP,Amazon Payments,12695.26
b2fbc8d3-afe8-f6c4-34e5-2fd1ba676985,30/09/2025,14:25:15,-12.93,GBP,Boots,12682.33
84685718-381b-75ef-b836-01174b32df67,01/10/2025,00:29:54,-1550,GBP,Barclays Mortgage,11132.33
18c46d03-4d31-e120-8245-c7797de03291,01/10/2025,00:33:29,-180,GBP,Coventry City Council,10952.33
80859f5b-ab4c-e3ab-67ac-224e977be247,01/10/2025,21:59:04,-56.19,GBP,Aldi Stores,10896.14
3be2bc35-8080-1ae4-eae0-d96a0d980a1c,02/10/2025,00:36:23,-215,GBP,Nationwide Personal Loan,10681.14
443c9e6b-7532-d399-0abc-efe4b2c45c49,02/10/2025,17:20:01,-105.05,GBP,Tesco Stores,10576.09
ec819c80-ce6d-7e57-d346-7dcd32e12743,03/10/2025,01:21:14,-150,GBP,MBNA Credit Card,10426.09
b43c064e-0703-cd3b-e268-f29e2a2122d9,04/10/2025,08:28:26,4800,GBP,HSBC Ltd,15226.09
e70e656d-b52b-c717-35f1-eb845f24e326,04/10/2025,11:04:04,-67.95,GBP,Amazon Payments,15158.14
978a184a-2821-22ba-3a96-dafe2f1e4c05,05/10/2025,02:09:20,-62.5,GBP,Clearpay,15095.64
1b6e0859-7211-2697-2605-6c293bf7cf38,05/10/2025,02:20:39,-62,GBP,Sky UK,15033.64
91fa5c02-cc05-24eb-c290-1e81389e7e0b,06/10/2025,00:21:04,-95,GBP,British Gas,14938.64
f380e1bd-c667-ea89-520c-f8f0cd8a66fe,06/10/2025,15:30:38,-30.41,GBP,Aldi Stores,14908.23
ef9e42f1-b6b5-6145-8dad-2bb28cb60c76,07/10/2025,13:19:44,-69.27,GBP,Shell,14838.96
dff2c263-912e-0cb5-5d5c-042b9932f1b1,08/10/2025,02:18:48,-289,GBP,Barclays Car Finance,14549.96
4b1bad6f-af26-73c1-4c52-d20b9bd8f472,08/10/2025,21:51:28,-31.39,GBP,Wagamama,14518.57
73f861a4-e04d-db0f-f5e4-806702a23b3a,10/10/2025,19:52:24,-19.48,GBP,Waterstones,14499.09
07d2faf1-faea-7876-86a7-9637433f6df3,13/10/2025,12:51:19,-45.12,GBP,Amazon Payments,14453.97
8de92944-6a62-cdd7-1c69-aaa57c9e8fdc,14/10/2025,13:26:40,-49.06,GBP,Shell,14404.91
874cf617-c00f-0cbf-6c54-79c6dbc512ab,15/10/2025,01:27:43,-180,GBP,Student Loans Company,14224.91
1fa1817c-988a-1a53-91ab-c928a3c0134d,17/10/2025,11:02:58,-5.66,GBP,Costa Coffee,14219.25
60658113-cb6a-da6b-236a-9970700f387e,19/10/2025,15:04:02,-3.83,GBP,TfL Travel,14215.42
ec98501e-1e3e-9ea4-7a17-3d7a44ab6f25,20/10/2025,00:53:17,-44,GBP,Klarna,14171.42
d4c3bb7f-6e8a-0931-3a9a-5417d922520b,21/10/2025,16:13:25,-40.72,GBP,Deliveroo,14130.7
eb5edf6c-6b97-031a-dbda-9f6308310f5d,24/10/2025,22:00:33,-38.74,GBP,Aldi Stores,14091.96
6a1643a8-33dc-85d8-6681-655340c6a0f4,25/10/2025,02:05:03,-11.99,GBP,Spotify AB,14079.97
785a0eeb-6989-7a99-e070-6fd9be201657,25/10/2025,02:17:41,-17.99,GBP,Netflix International,14061.98
03690c0e-c0c7-54c1-60c4-29561bafcfff,25/10/2025,12:56:45,-100.62,GBP,Amazon Payments,13961.36
e6b8790d-89c5-16e4-be6a-c856889f96fb,26/10/2025,10:16:28,-55.44,GBP,Aldi Stores,13905.92
a64ff616-6885-17da-1ee7-ba92111b7d66,28/10/2025,02:50:03,-19.99,GBP,Apple One,13885.93
b375d5da-7a64-075e-c51a-dcec2cf82a6d,29/10/2025,14:05:26,-70.64,GBP,BP Oil,13815.29
d4f85b05-eb38-94c2-2e6d-83cd4e0e169d,30/10/2025,09:19:06,-3.61,GBP,TfL Travel,13811.68
b079af16-477b-1e31-7769-3c56507e1d6b,31/10/2025,14:52:43,-39.59,GBP,Wagamama,13772.09
9494592d-099a-3299-3874-1980c74f760f,01/11/2025,01:12:09,-1550,GBP,Barclays Mortgage,12222.09
7410f8a0-3b3f-5297-496b-e4072b16ed26,01/11/2025,02:56:00,-180,GBP,Coventry City Council,12042.09
34750c25-a503-8052-2d9a-8c654f637f77,01/11/2025,22:54:39,-36.17,GBP,Aldi Stores,12005.92
323a37cd-f4a0-646c-6a6a-a12c11bd2ec4,02/11/2025,02:58:01,-215,GBP,Nationwide Personal Loan,11790.92
1acb6381-fac8-ac12-61f0-3b7ae72aad5c,02/11/2025,18:35:13,-36.42,GBP,Boots,11754.5
a21016b0-55b1-4523-f326-135307578c61,03/11/2025,00:22:26,-150,GBP,MBNA Credit Card,11604.5
c27b0789-8131-5adb-a35a-a90825b15d41,03/11/2025,07:32:23,-33.19,GBP,Marks Spencer,11571.31
c610aab6-897c-0cc3-cdfb-6fde3d3e121b,04/11/2025,07:10:14,-10.28,GBP,Pret A Manger,11561.03
330008ec-277d-4be2-f1b4-b8518c3e0b26,04/11/2025,08:46:33,4800,GBP,HSBC Ltd,16361.03
034d5638-00bb-ca64-f75a-0ba8aef04952,05/11/2025,00:37:43,-62.5,GBP,Clearpay,16298.53
800cac88-0bd3-3323-5051-04fab9ce6579,05/11/2025,02:22:15,-62,GBP,Sky UK,16236.53
1b949001-601f-6546-d6eb-0fcddcdbf29b,05/11/2025,13:25:55,-35.65,GBP,Boots,16200.88
8dda1d00-f96e-5a21-1bae-ac66e9022f7e,06/11/2025,01:32:51,-95,GBP,British Gas,16105.88
80925c9b-93df-eb1a-9eca-b2b93b8898a2,06/11/2025,21:34:21,-4.28,GBP,Costa Coffee,16101.6
89ca3765-f4a9-324d-d314-45ffbf8da136,07/11/2025,15:51:39,-60.64,GBP,Aldi Stores,16040.96
0521d4c2-d0f7-1442-8a12-de963f6529a6,08/11/2025,00:31:17,-289,GBP,Barclays Car Finance,15751.96
5ece2189-8478-bcc2-e4ce-23a692d5fcb4,08/11/2025,11:30:14,-25.6,GBP,Avanti West Coast,15726.36
b7fcaee5-f483-694f-32ce-5b9e0dd14042,09/11/2025,18:56:25,-6.08,GBP,Costa Coffee,15720.28
feea782e-1907-13d4-ff0b-464100a1fbcf,13/11/2025,19:35:29,-53.44,GBP,Wagamama,15666.84
e169e8cd-4a4e-5ed3-b201-66e5bf1cee01,14/11/2025,12:35:28,-3.85,GBP,Costa Coffee,15662.99
9911d251-517f-8eb7-919b-96b4d6d664cd,15/11/2025,02:03:26,-180,GBP,Student Loans Company,15482.99
b143db1c-d588-6961-c181-9498cb46867f,15/11/2025,21:33:36,-110.92,GBP,HSBC ATM,15372.07
2519dbea-f4e3-f4e1-2efe-aaff6e104847,16/11/2025,09:37:35,-76.24,GBP,HSBC ATM,15295.83
c2a015ba-a481-ad76-4301-33e3ad60e58c,17/11/2025,07:41:13,-46.95,GBP,Amazon Payments,15248.88
ef71d48e-d7af-bfe1-0e1e-e9faae593d07,20/11/2025,01:28:36,-44,GBP,Klarna,15204.88
1acdcabe-f120-117d-92ef-55bc27699f41,21/11/2025,19:20:18,-68.78,GBP,Shell,15136.1
46429522-ec45-68a3-5841-4b19197ecad6,22/11/2025,13:01:18,-39.49,GBP,Aldi Stores,15096.61
029934c9-bd90-b61c-d4a5-2032ab059d8e,23/11/2025,22:51:11,-77.03,GBP,BP Oil,15019.58
fe20ac14-ad62-0d01-3168-ffe1eaf0600a,24/11/2025,09:31:04,-47.58,GBP,Shell,14972
d1e5f8e8-4581-8e3a-000b-c2442a4e39d8,25/11/2025,02:48:16,-17.99,GBP,Netflix International,14954.01
90e805cb-d7f6-2ebb-56fb-cefba24e3f61,25/11/2025,02:55:18,-11.99,GBP,Spotify AB,14942.02
bcf5e402-71b4-fc44-8924-ca58985d534b,27/11/2025,10:09:29,-62.76,GBP,BP Oil,14879.26
3bd5587f-6d20-6d75-5373-974d3dd50699,28/11/2025,02:51:07,-19.99,GBP,Apple One,14859.27
b6aa33d4-3e56-5bdb-b8eb-2d18fc7837f5,28/11/2025,22:41:46,-27.54,GBP,Deliveroo,14831.73
381fce01-8ec6-af30-a4a9-abfef876652c,29/11/2025,22:29:58,-33.13,GBP,Waterstones,14798.6
ca4e1964-a59f-d575-312d-fcb5546ec101,01/12/2025,01:48:06,-1550,GBP,Barclays Mortgage,13248.6
0a3dc9b7-343b-7e33-30f0-c3facfeddf86,01/12/2025,02:43:45,-180,GBP,Coventry City Council,13068.6
96bc35c2-ed59-47a1-091a-193a675d818c,01/12/2025,21:26:44,-7.77,GBP,TfL Travel,13060.83
00bdc15f-2e44-9feb-5e34-c090b6a2508b,02/12/2025,01:58:40,-215,GBP,Nationwide Personal Loan,12845.83
bc2625eb-1d8d-81ab-76e2-eb9a9da9dffd,02/12/2025,11:10:07,-33.23,GBP,Aldi Stores,12812.6
be708ea0-f27f-bd63-ee78-d9653fb18c1c,03/12/2025,00:08:16,-150,GBP,MBNA Credit Card,12662.6
f22fa872-08aa-a24e-345e-233ab681a301,04/12/2025,10:20:03,4800,GBP,HSBC Ltd,17462.6
9ead8380-3f02-5372-bc01-bffdc006d7e7,04/12/2025,11:41:31,-58.93,GBP,Amazon Payments,17403.67
0d09528f-7f7e-b097-03c3-7e9b53ac4008,05/12/2025,00:36:11,-62.5,GBP,Clearpay,17341.17
a31a28a3-d52a-150a-fe83-a9f592311ba2,05/12/2025,01:36:27,-62,GBP,Sky UK,17279.17
9c55715f-f9f6-2ec5-356f-a1d3fffeadcb,06/12/2025,02:31:40,-95,GBP,British Gas,17184.17
3d84bcb3-ad50-2f06-5804-6aeb1aecda25,06/12/2025,22:18:46,-80.26,GBP,Tesco Stores,17103.91
59101d47-fdba-5e00-39f3-17e4366c13a0,08/12/2025,00:39:26,-289,GBP,Barclays Car Finance,16814.91
50a7560d-e7ab-e05b-4590-1ac948681a19,08/12/2025,07:35:15,-73.36,GBP,Marks Spencer,16741.55
056bf03f-4642-a114-b2d9-258fdfcd3cf9,09/12/2025,13:26:55,-78.63,GBP,Tesco Stores,16662.92
23c85187-70a0-ada8-ae0e-58f7a32c01b6,10/12/2025,09:28:38,-78.06,GBP,Tesco Stores,16584.86
2076235c-d7e6-3d80-86f8-8f07ad15abdf,11/12/2025,16:53:21,-62.62,GBP,Amazon Payments,16522.24
99e00e0b-e9f0-9f00-957d-127503e522ed,12/12/2025,08:03:03,-29.95,GBP,Deliveroo,16492.29
1a6b15f6-10ed-f878-d7df-dc8a91d0260f,13/12/2025,09:45:29,-70.19,GBP,Shell,16422.1
1d437977-0a92-83b4-bf13-71585dabbef3,15/12/2025,00:45:00,-180,GBP,Student Loans Company,16242.1
d3904e16-8fdd-55ae-3e10-d4154ddc0b75,15/12/2025,14:44:26,-25.02,GBP,Marks Spencer,16217.08
c53401a9-4e4d-f932-5cb1-b833288f12e0,16/12/2025,22:07:48,-48.08,GBP,Amazon Payments,16169
8078d19c-8394-fc48-345e-9b2a5635233e,18/12/2025,01:04:51,-10,GBP,Halifax Overdraft Fee,16159
0227925c-4a21-4df0-2d3f-4d3ae6c8c881,18/12/2025,16:22:33,-61.23,GBP,BP Oil,16097.77
f9399504-6018-f783-4c30-ae1091b30d11,19/12/2025,19:19:11,-37.14,GBP,John Lewis,16060.63
f0875af0-c27c-c152-1353-c97caf84d99e,20/12/2025,02:40:09,-44,GBP,Klarna,16016.63
e283fe74-f075-0d1b-52b3-ed79a31ee26b,22/12/2025,10:42:14,-88.92,GBP,Tesco Stores,15927.71
a77d8eed-84b2-9b76-8702-706c6a525978,24/12/2025,18:12:22,-9.23,GBP,Pret A Manger,15918.48
b0dba022-cfa9-375d-51a7-628db016f24f,25/12/2025,00:32:22,-17.99,GBP,Netflix International,15900.49
b5b4d493-17ce-8e75-1f3c-f0f6c87aab98,25/12/2025,02:23:55,-11.99,GBP,Spotify AB,15888.5
ab7fbcc4-4579-5f09-a12f-0468a918e950,26/12/2025,12:36:39,-64.41,GBP,Aldi Stores,15824.09
40e4a4f3-5aea-2c73-c3a7-34bf44995306,28/12/2025,02:59:48,-19.99,GBP,Apple One,15804.1
f78cb448-add3-18ee-54ac-6e7e35f8fc70,28/12/2025,13:56:26,-80.47,GBP,Marks Spencer,15723.63
17610ee6-82f7-b516-f337-980bd2e6225e,29/12/2025,15:57:03,-33.03,GBP,Amazon Payments,15690.6
76f62ac4-72d9-8890-bc1b-ca5a54342837,30/12/2025,12:02:06,-18.33,GBP,Amazon Payments,15672.27
919509c1-9749-a249-98e6-beac69947409,31/12/2025,07:04:04,-8.07,GBP,Pret A Manger,15664.2
57f49857-a164-6bab-9b6b-5a50d36f840c,01/01/2026,02:00:25,-1550,GBP,Barclays Mortgage,14114.2
12dc5852-5723-1ef5-28c2-b375cd2e2c97,01/01/2026,02:02:39,-180,GBP,Coventry City Council,13934.2
c7e34a39-715c-0842-d69c-a4301250d69b,01/01/2026,10:49:00,-38.08,GBP,Aldi Stores,13896.12
447fd0b3-63a6-b133-dc77-08fd1c1fa815,02/01/2026,02:40:39,-215,GBP,Nationwide Personal Loan,13681.12
c2650d56-0173-dcfd-890f-9786606123c9,02/01/2026,20:15:20,-88.61,GBP,Avanti West Coast,13592.51
9dc0fa10-b36b-4300-3a91-b92aa261f92f,03/01/2026,00:58:50,-150,GBP,MBNA Credit Card,13442.51
bfe7dc52-c114-aa32-a077-b49c67e4b24a,03/01/2026,08:43:02,-3.69,GBP,Costa Coffee,13438.82
85685ec7-7825-bfce-b177-ee77531502e0,04/01/2026,08:39:22,4800,GBP,HSBC Ltd,18238.82
b28243f8-07e4-24e4-5407-819a5a01b5ba,04/01/2026,19:39:54,-18.14,GBP,Vue Entertainment,18220.68
be4b5342-a2dd-dd38-6417-6c311f6db9ab,05/01/2026,00:18:07,-62,GBP,Sky UK,18158.68
70b77797-b617-4b83-3dea-be54588ffca1,05/01/2026,01:35:55,-62.5,GBP,Clearpay,18096.18
0b0b7ffd-f009-960b-91ef-8fe8b9c91199,05/01/2026,13:42:28,500,GBP,Own Account,18596.18
208dfdbd-805e-128f-91bc-8c0ad8f692ef,05/01/2026,21:50:42,-91.21,GBP,Tesco Stores,18504.97
1432acbc-284a-c5b2-d843-25e470248642,06/01/2026,02:59:04,-95,GBP,British Gas,18409.97
ceb7cf73-ca6a-3d31-4f7d-19784d75f6bb,06/01/2026,21:49:37,-10.22,GBP,Amazon Payments,18399.75
1a6b5193-9852-c4af-ed7b-617a3a3bc245,07/01/2026,15:11:52,-4.41,GBP,Costa Coffee,18395.34
6507edf9-25d2-e3ae-54d0-87ffaa9d32e5,08/01/2026,00:55:16,-289,GBP,Barclays Car Finance,18106.34
605b97fc-42a5-dc89-2bb0-9f301a6c0ec6,08/01/2026,20:48:32,-73.51,GBP,Marks Spencer,18032.83
22ac3d5c-971a-be45-e047-91574eedc136,09/01/2026,11:31:36,-52.07,GBP,BP Oil,17980.76
fc8f4035-a119-f1e9-0c5b-1e6350f0fbad,11/01/2026,21:48:08,-53.1,GBP,Aldi Stores,17927.66
f2112619-1da0-3460-d2f2-0cd755cae25a,12/01/2026,14:27:30,-6.24,GBP,Pret A Manger,17921.42
a8f26426-1f7b-30b5-3110-1ec1feec1c37,13/01/2026,15:50:35,-109.01,GBP,Tesco Stores,17812.41
effbefb6-65dc-b13d-cf6c-c4b80cac8fb3,15/01/2026,02:59:24,-180,GBP,Student Loans Company,17632.41
5f6b1218-730c-da71-69a7-52a26542e1f5,15/01/2026,10:55:32,-37.86,GBP,Waterstones,17594.55
326845cf-e621-5fc9-34ae-8a6f10299b61,16/01/2026,20:05:37,-85.43,GBP,Tesco Stores,17509.12
92e3bfda-7de8-6798-53e4-0a14feee74e5,17/01/2026,18:40:49,-152.76,GBP,John Lewis,17356.36
e0077373-6cbb-b3bd-bba4-d305b671f57d,18/01/2026,16:18:04,-86.38,GBP,Marks Spencer,17269.98
3c6316f0-bfac-a31d-016c-acff66f4f41d,19/01/2026,18:04:02,-82.61,GBP,HSBC ATM,17187.37
1988538d-700a-443b-3709-8c34f7166a24,20/01/2026,02:46:24,-44,GBP,Klarna,17143.37
a78a37a9-1cf5-6c78-185a-c347ab6ff812,20/01/2026,20:10:00,-5.95,GBP,TfL Travel,17137.42
bb29032a-8f87-bb91-4078-00d2688375d9,21/01/2026,20:55:00,-24.43,GBP,Vue Entertainment,17112.99
a89aa543-0006-fc93-9106-68f6f4d11320,22/01/2026,09:51:57,-36.61,GBP,Marks Spencer,17076.38
48fc3f9a-9371-80a7-bd37-2bb6a791dcba,23/01/2026,15:12:59,-103.04,GBP,Tesco Stores,16973.34
b714871f-4600-660f-c4b2-fae30218af42,24/01/2026,12:12:43,-59.31,GBP,Shell,16914.03
a053cacb-5838-decf-0337-80769b99ea68,25/01/2026,02:20:36,-17.99,GBP,Netflix International,16896.04
c015b12e-f715-8728-6897-c871eb004c26,25/01/2026,02:28:30,-11.99,GBP,Spotify AB,16884.05
78ab2b8c-1bb2-039e-181e-b1e8f9cbf155,26/01/2026,21:25:07,-23.92,GBP,Uber,16860.13
06174791-60ba-8cc1-d6bc-37898df31376,27/01/2026,14:43:47,-99.96,GBP,Tesco Stores,16760.17
047a1918-af55-c64a-8ae7-afd7e6326f45,28/01/2026,00:33:36,-19.99,GBP,Apple One,16740.18
25d12c3c-858e-8c99-4d2f-a0a83801f891,29/01/2026,12:22:13,-4.21,GBP,TfL Travel,16735.97
e25ab57a-b1c0-6f82-e172-a1da73a78ba5,30/01/2026,16:23:15,-9.42,GBP,Pret A Manger,16726.55
7189c46c-022b-5ff0-7ffd-d12d7c8e588e,01/02/2026,01:01:28,-1550,GBP,Barclays Mortgage,15176.55
9130e0f9-24a2-5cbb-1eac-ab9c262add9c,01/02/2026,01:52:25,-180,GBP,Coventry City Council,14996.55
e1246fcf-a7a2-81de-88f6-9da38366d6c4,01/02/2026,09:49:47,-27.23,GBP,Amazon Payments,14969.32
73ad657f-0019-ac6f-a2d8-5f619f37c269,02/02/2026,02:22:02,-215,GBP,Nationwide Personal Loan,14754.32
bc71f83d-2615-db36-a652-ffcc4ac87099,03/02/2026,01:20:27,-150,GBP,MBNA Credit Card,14604.32
faf4f8a8-320e-8d22-154c-dd082ad31aa8,04/02/2026,10:28:17,4800,GBP,HSBC Ltd,19404.32
d1c21cf7-33c0-2f57-d525-9c4985782498,04/02/2026,14:14:49,-50.57,GBP,BP Oil,19353.75
561fc254-2034-2744-56a0-0f9f983c10c9,05/02/2026,01:26:58,-62.5,GBP,Clearpay,19291.25
28525e49-9e0a-f5f4-2245-056334f18732,05/02/2026,01:27:24,-62,GBP,Sky UK,19229.25
751bce10-780c-510c-a37e-5a2dda0624cc,05/02/2026,22:30:15,-65.16,GBP,BP Oil,19164.09
192c8964-9064-aadf-9d43-a835eeac925d,06/02/2026,00:39:49,-95,GBP,British Gas,19069.09
e1ae22d9-5cfa-e190-760a-605fcfb1e23a,07/02/2026,13:41:53,-47.77,GBP,Aldi Stores,19021.32
61808b47-1697-78af-5e38-73afeca5eda1,08/02/2026,02:36:19,-289,GBP,Barclays Car Finance,18732.32
686bfdea-2e21-733f-7f72-d116ce7e607a,08/02/2026,07:58:00,-65.29,GBP,Avanti West Coast,18667.03
7b6b5f83-5e1f-3f20-8716-0a94e462979b,09/02/2026,21:55:49,-3.82,GBP,Apple App Store,18663.21
a74b9614-9e5a-8bc2-e935-a359074b5751,10/02/2026,09:52:43,-46.43,GBP,Amazon Payments,18616.78
f0a0a390-da7d-acea-c7d5-eb74900f9ac9,15/02/2026,00:45:06,-180,GBP,Student Loans Company,18436.78
a6bf20e2-b903-d258-c20e-a4bef2ef2a2a,15/02/2026,12:44:17,-58.26,GBP,Marks Spencer,18378.52
01836f8f-6fe8-2ba8-d630-0434f1550ed3,17/02/2026,11:35:26,-39.89,GBP,Wagamama,18338.63
1b0af5f7-0b08-d86a-9d5d-804e511b9e27,18/02/2026,22:15:18,-139.69,GBP,HSBC ATM,18198.94
f6341887-34e5-02ec-c1c8-ae1437a3f928,20/02/2026,01:03:13,-44,GBP,Klarna,18154.94
9fff83be-b334-1d1f-6cbc-ea37b630a47b,20/02/2026,12:28:37,-20.12,GBP,Vue Entertainment,18134.82
ed188b31-c242-a323-a9c3-6a92771b3f92,21/02/2026,16:13:11,-5.73,GBP,TfL Travel,18129.09
0c3b2aac-b7be-02f1-c176-d3f745b5326f,22/02/2026,19:36:09,-30.07,GBP,Aldi Stores,18099.02
912e84ee-f5e0-d29f-3642-34b214ede550,24/02/2026,17:40:09,-7.06,GBP,Pret A Manger,18091.96
33f941ea-eb48-8c3e-24a4-8768cfa3cdce,25/02/2026,01:31:06,-11.99,GBP,Spotify AB,18079.97
3d60f88c-a3d4-05c6-d06a-3f181afd8783,25/02/2026,01:43:36,-17.99,GBP,Netflix International,18061.98
362e1777-bad3-2421-36b7-50fd573f59d6,25/02/2026,12:28:44,-25.28,GBP,Wagamama,18036.7
a5c81832-5af6-3f62-b72f-f5a394fc8f0e,26/02/2026,10:17:45,-65.13,GBP,Amazon Payments,17971.57
ecd3b6ea-68f9-3cb8-0cd8-0cb35482b18e,27/02/2026,07:24:52,-66.02,GBP,BP Oil,17905.55
214590b8-b94d-022c-57ee-45117954d786,28/02/2026,00:49:44,-19.99,GBP,Apple One,17885.56
